,url,title,categories,tags
RssFeed 30,https://community.alteryx.com/pvsmt99345/rss/board?board.id=Data-Science-Blog,Data Science articles,DataScience,DataScience
RssFeed 32,http://www.reddit.com/r/datascience/.rss,Data Science,DataScience,DataScience
RssFeed 33,http://datasciencereport.com/feed/,Starbridge Partners,DataScience,DataScience
RssFeed 34,https://www.reddit.com/r/reinforcementlearning/.rss,Reinforcement Learning,DataScience,DataScience
RssFeed 35,https://medium.com/feed/tag/data-science,Data Science on Medium,DataScience,DataScience
RssFeed 36,http://www.datatau.com/rss,DataTau,DataScience,DataScience
RssFeed 37,https://blogs.nvidia.com/blog/category/deep-learning/feed/,Deep Learning – The Official NVIDIA Blog,DataScience,DataScience
RssFeed 38,http://datascience101.wordpress.com/feed/,Ryan Swanstrom,DataScience,DataScience
RssFeed 39,http://link.springer.com/search.rss?facet-content-type=Article&facet-journal-id=10462&channel-name=Artificial%20Intelligence%20Review,Latest Results for Artificial Intelligence Review,DataScience,DataScience
RssFeed 40,https://deepmind.com/blog/feed/basic/,DeepMind,DataScience,DataScience
RssFeed 41,https://medium.com/feed/pytorch,PyTorch,DataScience,DataScience
RssFeed 42,https://medium.com/feed/@ODSC,Stories by ODSC - Open Data Science on Medium,DataScience,DataScience
RssFeed 43,http://blog.paralleldots.com/feed/,ParallelDots,DataScience,DataScience
RssFeed 44,http://rushter.com/dsreader/feed/,Data science feed,DataScience,DataScience
RssFeed 45,https://medium.com/feed/tag/deep-learning,Deep Learning on Medium,DataScience,DataScience
RssFeed 46,https://medium.com/feed/apache-mxnet,Apache MXNet,DataScience,DataScience
RssFeed 47,http://www.datasciencecentral.com/profiles/blog/feed?xn_auth=no,Data Science Central,DataScience,DataScience
RssFeed 48,http://advanceddataanalytics.net/feed/,AnalytiXon,DataScience,DataScience
RssFeed 49,http://datascience.codata.org/gateway/plugin/WebFeedGatewayPlugin/rss2/,Data Science Journal Latest Articles,DataScience,DataScience
RssFeed 50,https://community.alteryx.com/pvsmt99345/rss/board?board.id=Data-Science-Blog,Data Science articles,DataScience,DataScience
RssFeed 51,https://medium.com/feed/rapids-ai,RAPIDS AI,DataScience,DataScience
RssFeed 52,http://www.reddit.com/r/datascience/.rss,Data Science,DataScience,DataScience
RssFeed 53,https://www.reddit.com/r/deeplearning/.rss,Deep Learning,DataScience,DataScience
RssFeed 54,http://datasciencereport.com/feed/,Starbridge Partners,DataScience,DataScience
RssFeed 55,https://www.reddit.com/r/reinforcementlearning/.rss,Reinforcement Learning,DataScience,DataScience
RssFeed 56,https://medium.com/feed/tag/data-science,Data Science on Medium,DataScience,DataScience
RssFeed 57,http://www.datatau.com/rss,DataTau,DataScience,DataScience
RssFeed 58,https://spectrum.ieee.org/rss/robotics/artificial-intelligence,IEEE Spectrum Artificial Intelligence Subchannel,DataScience,DataScience
RssFeed 31,https://medium.com/feed/rapids-ai,RAPIDS AI,DataScience,DataScience
RssFeed 59,http://bair.berkeley.edu/blog/feed.xml,The Berkeley Artificial Intelligence Research Blog,DataScience,DataScience
RssFeed 60,https://www.h2o.ai/feed/,H2O.ai,DataScience,DataScience
RssFeed 28,http://advanceddataanalytics.net/feed/,AnalytiXon,DataScience,DataScience
RssFeed 9,https://medium.com/feed/data-from-the-trenches,data from the trenches,DataScience,DataScience
RssFeed 10,http://feeds.feedburner.com/kdnuggets-data-mining-analytics,KDnuggets,DataScience,DataScience
RssFeed 11,https://medium.com/feed/airbnb-engineering/tagged/data-science,Data Science in The Airbnb Tech Blog on Medium,DataScience,DataScience
RssFeed 12,http://blog.dominodatalab.com/rss/,Data Science Blog by Domino,DataScience,DataScience
RssFeed 13,http://feeds.feedburner.com/MachineLearningMastery,Machine Learning Mastery,DataScience,DataScience
RssFeed 29,http://datascience.codata.org/gateway/plugin/WebFeedGatewayPlugin/rss2/,Data Science Journal Latest Articles,DataScience,DataScience
RssFeed 15,http://feeds.feedburner.com/AnalyticsVidhya,Analytics Vidhya,DataScience,DataScience
RssFeed 16,http://www.datasciencecentral.com/profiles/blog/feed?promoted=1&xn_auth=no,Featured Blog Posts - Data Science Central,DataScience,DataScience
RssFeed 17,https://medium.com/feed/myntra-engineering/tagged/data-science,Data Science in Myntra Engineering on Medium,DataScience,DataScience
RssFeed 14,https://medium.com/feed/ibm-watson-data-lab,Center for Open Source Data and AI Technologies,DataScience,DataScience
RssFeed 19,http://blog.udacity.com/category/data-science/feed,Data Science | Udacity,DataScience,DataScience
RssFeed 20,http://prdeepakbabu.wordpress.com/feed/,Data Science Greedy,DataScience,DataScience
RssFeed 21,http://datascience101.wordpress.com/feed/,Ryan Swanstrom,DataScience,DataScience
RssFeed 22,https://medium.com/feed/pytorch,PyTorch,DataScience,DataScience
RssFeed 23,https://medium.com/feed/@ODSC,Stories by ODSC - Open Data Science on Medium,DataScience,DataScience
RssFeed 24,http://blog.paralleldots.com/feed/,ParallelDots,DataScience,DataScience
RssFeed 25,http://rushter.com/dsreader/feed/,Data science feed,DataScience,DataScience
RssFeed 26,https://medium.com/feed/apache-mxnet,Apache MXNet,DataScience,DataScience
RssFeed 27,http://www.datasciencecentral.com/profiles/blog/feed?xn_auth=no,Data Science Central,DataScience,DataScience
RssFeed 18,https://www.dataquest.io/blog/atom.xml,Blog – Dataquest,DataScience,DataScience
RssFeed 1,http://www.economist.com/feeds/print-sections/79/finance-and-economics.xml,The Economist: Finance & economics,fintech,fintech
RssFeed 2,http://www.forbes.com/investing/feed,Forbes - Investing,fintech,fintech
RssFeed 3,https://api.reddit.com/subreddit/dataisbeautiful;best,Best posts on r/dataisbeautiful,fintech,fintech
RssFeed 8,http://www.finextra.com/rss/headlines.asp,Finextra Research,fintech,fintech
RssFeed 5,http://www.bankingexchange.com/index.php/news-feed?format=feed,Banking Exchange News Feed - Banking Exchange - Banking Exchange,fintech,fintech
RssFeed 6,http://www.ft.com/rss/indepth/investmentbanking/privateequity,Financial Times - Private equity,fintech,fintech
RssFeed 7,http://www.calculatedriskblog.com/feeds/posts/default,Calculated Risk,fintech,fintech
RssFeed 4,http://feeds.marketwatch.com/marketwatch/financial,MarketWatch.com - Financial Services Industry News,fintech,fintech
RssFeed 0,http://fortune.com/finance/feed/,Finance – Fortune,fintech,fintech
